support,itemsets
0.162,Water
0.15866666666666668,Toothpaste
0.156,Chicken Breast
0.156,Carrots
0.15566666666666668,Rice
0.15466666666666667,Potatoes
0.15466666666666667,Laundry Detergent
0.15366666666666667,Milk
0.15333333333333332,Apples
0.15333333333333332,Coffee
