support,itemsets
0.157,Ice Cream
0.156,Tea
0.15533333333333332,Bread
0.15433333333333332,Laundry Detergent
0.15433333333333332,Chicken Breast
0.154,Yogurt
0.154,Lettuce
0.153,Butter
0.15233333333333332,Toothpaste
0.15233333333333332,Cereal
