support,itemsets
0.15633333333333332,Cereal
0.15533333333333332,Tomatoes
0.15466666666666667,Apples
0.153,Oranges
0.15233333333333332,Potatoes
0.15233333333333332,Ground Beef
0.15233333333333332,Rice
0.152,Spinach
0.152,Eggs
0.15166666666666667,Tea
